Workbook

Sheet Read me
B2: Payments Operations Automation — Phase 0 Calibration
B3: Turns the indicative roadmap into a data-driven sequence. Populate the blue inputs with real figures; scores, ranks and waves recompute.
B5: How it works
B6: Each initiative is scored on three axes — Volume, Risk, Feasibility — on the Calibration sheet.
B7: • Volume is derived from monthly volume × manual-touch % (the manual workload automation removes).
B8: • Risk averages four sub-factors: irrevocability, sanctions/AML, regulatory severity, fraud.
B9: • Feasibility averages four sub-factors: data/standards, connectivity, vendor/precedent, maturity (non-novelty).
B10: Composite = weighted blend of the three axis scores. Weights and wave thresholds live on the Inputs sheet.
B11: The model suggests a wave; the Planned wave column (from the roadmap) is shown beside it, with a flag where they differ.
B13: Colour legend
B14: • Blue text = input you change. • Black text = formula. • Green text = link to another sheet.
B16: Scoring scale (1–5)
... B20: All figures are illustrative placeholders [calibrate]. Replace with real volumes, break rates, and risk assessments in Phase 0.

Sheet Inputs
B2: Calibration Inputs
B4: Axis weights | C4: Value | D4: Note
B5: Volume weight | C5: 0.35 | D5: Share of composite from volume/workload
B6: Risk weight | C6: 0.35 | D6: Share from risk (the cost of getting it wrong)
B7: Feasibility weight | C7: 0.3 | D7: Share from buildability now
B8: Total (must = 100%) | C8: =SUM(C5:C7) -> 1
B10: Wave thresholds | C10: Value | D10: Note
B11: Wave 1 if composite ≥ | C11: 3.8 | D11: Top band — do first (after foundation)
B12: Wave 2 if composite ≥ | C12: 3.2 | D12: Mid band; below this → Wave 3

Sheet Calibration
A1: Phase 0 Calibration — Volume × Risk × Feasibility
A2: ID | B2: Initiative | C2: Category | D2: Vol (000s/mo) | E2: Manual % | F2: Manual workload | G2: Volume score | H2: Irrevoc. | I2: Sanctions/AML | J2: Regulatory | K2: Fraud | L2: Risk score | M2: Data/std | N2: Connectivity | O2: Vendor/prec. | P2: Maturity | Q2: Feasibility score | R2: Composite | S2: Rank | T2: Model wave | U2: Planned wave | V2: Check
A3: F1 | B3: Golden reference & sanctions data | C3: Foundation | D3: 12000 | E3: 0.5 | F3: =D3*E3 -> 6000 | G3: =MIN(5,1+4*F3/MAX($F$9:$F$18)) -> 5 | H3: 3 | I3: 4 | J3: 4 | K3: 3 | L3: =AVERAGE(H3:K3) -> 3.5 | M3: 4 | N3: 4 | O3: 4 | P3: 4 | Q3: =AVERAGE(M3:P3) -> 4 | R3: =Inputs!$C$5*G3+Inputs!$C$6*L3+Inputs!$C$7*Q3 -> 4.175 | S3: =RANK(R3,$R$3:$R$18) -> 4 | T3: =IF(C3="Foundation",0,IF(R3>=Inputs!$C$11,1,IF(R3>=Inputs!$C$12,2,3))) -> 0 | U3: 0 | V3: =IF(T3=U3,"OK","review") -> OK
A4: F2 | B4: Shared screening service | C4: Foundation | D4: 12000 | E4: 0.5 | F4: =D4*E4 -> 6000 | G4: =MIN(5,1+4*F4/MAX($F$9:$F$18)) -> 5 | H4: 4 | I4: 5 | J4: 5 | K4: 4 | L4: =AVERAGE(H4:K4) -> 4.5 | M4: 3 | N4: 3 | O4: 4 | P4: 3 | Q4: =AVERAGE(M4:P4) -> 3.25 | R4: =Inputs!$C$5*G4+Inputs!$C$6*L4+Inputs!$C$7*Q4 -> 4.3 | S4: =RANK(R4,$R$3:$R$18) -> 1 | T4: =IF(C4="Foundation",0,IF(R4>=Inputs!$C$11,1,IF(R4>=Inputs!$C$12,2,3))) -> 0 | U4: 0 | V4: =IF(T4=U4,"OK","review") -> OK
A5: F3 | B5: Payment hub / orchestration | C5: Foundation | D5: 12000 | E5: 0.45 | F5: =D5*E5 -> 5400 | G5: =MIN(5,1+4*F5/MAX($F$9:$F$18)) -> 5 | H5: 3 | I5: 3 | J5: 3 | K5: 3 | L5: =AVERAGE(H5:K5) -> 3 | M5: 3 | N5: 3 | O5: 3 | P5: 3 | Q5: =AVERAGE(M5:P5) -> 3 | R5: =Inputs!$C$5*G5+Inputs!$C$6*L5+Inputs!$C$7*Q5 -> 3.7 | S5: =RANK(R5,$R$3:$R$18) -> 6 | T5: =IF(C5="Foundation",0,IF(R5>=Inputs!$C$11,1,IF(R5>=Inputs!$C$12,2,3))) -> 0 | U5: 0 | V5: =IF(T5=U5,"OK","review") -> OK
A6: F4 | B6: Exceptions & investigations | C6: Foundation | D6: 12000 | E6: 0.45 | F6: =D6*E6 -> 5400 | G6: =MIN(5,1+4*F6/MAX($F$9:$F$18)) -> 5 | H6: 2 | I6: 3 | J6: 3 | K6: 3 | L6: =AVERAGE(H6:K6) -> 2.75 | M6: 4 | N6: 4 | O6: 4 | P6: 4 | Q6: =AVERAGE(M6:P6) -> 4 | R6: =Inputs!$C$5*G6+Inputs!$C$6*L6+Inputs!$C$7*Q6 -> 3.9125 | S6: =RANK(R6,$R$3:$R$18) -> 5 | T6: =IF(C6="Foundation",0,IF(R6>=Inputs!$C$11,1,IF(R6>=Inputs!$C$12,2,3))) -> 0 | U6: 0 | V6: =IF(T6=U6,"OK","review") -> OK
A7: F5 | B7: Reconciliation & settlement ledger | C7: Foundation | D7: 12000 | E7: 0.4 | F7: =D7*E7 -> 4800 | G7: =MIN(5,1+4*F7/MAX($F$9:$F$18)) -> 5 | H7: 3 | I7: 3 | J7: 3 | K7: 2 | L7: =AVERAGE(H7:K7) -> 2.75 | M7: 3 | N7: 3 | O7: 3 | P7: 3 | Q7: =AVERAGE(M7:P7) -> 3 | R7: =Inputs!$C$5*G7+Inputs!$C$6*L7+Inputs!$C$7*Q7 -> 3.6125 | S7: =RANK(R7,$R$3:$R$18) -> 7 | T7: =IF(C7="Foundation",0,IF(R7>=Inputs!$C$11,1,IF(R7>=Inputs!$C$12,2,3))) -> 0 | U7: 0 | V7: =IF(T7=U7,"OK","review") -> OK
A8: F6 | B8: AML monitoring + SAR/FinCEN | C8: Foundation | D8: 12000 | E8: 0.5 | F8: =D8*E8 -> 6000 | G8: =MIN(5,1+4*F8/MAX($F$9:$F$18)) -> 5 | H8: 3 | I8: 5 | J8: 5 | K8: 4 | L8: =AVERAGE(H8:K8) -> 4.25 | M8: 3 | N8: 3 | O8: 4 | P8: 3 | Q8: =AVERAGE(M8:P8) -> 3.25 | R8: =Inputs!$C$5*G8+Inputs!$C$6*L8+Inputs!$C$7*Q8 -> 4.2125 | S8: =RANK(R8,$R$3:$R$18) -> 3 | T8: =IF(C8="Foundation",0,IF(R8>=Inputs!$C$11,1,IF(R8>=Inputs!$C$12,2,3))) -> 0 | U8: 0 | V8: =IF(T8=U8,"OK","review") -> OK
A9: A1 | B9: ACH origination/receipt STP | C9: ACH | D9: 8000 | E9: 0.15 | F9: =D9*E9 -> 1200 | G9: =MIN(5,1+4*F9/MAX($F$9:$F$18)) -> 5 | H9: 2 | I9: 3 | J9: 3 | K9: 3 | L9: =AVERAGE(H9:K9) -> 2.75 | M9: 5 | N9: 5 | O9: 5 | P9: 5 | Q9: =AVERAGE(M9:P9) -> 5 | R9: =Inputs!$C$5*G9+Inputs!$C$6*L9+Inputs!$C$7*Q9 -> 4.2125 | S9: =RANK(R9,$R$3:$R$18) -> 2 | T9: =IF(C9="Foundation",0,IF(R9>=Inputs!$C$11,1,IF(R9>=Inputs!$C$12,2,3))) -> 1 | U9: 1 | V9: =IF(T9=U9,"OK","review") -> OK
A10: A2 | B10: ACH returns / NOC | C10: ACH | D10: 400 | E10: 0.4 | F10: =D10*E10 -> 160 | G10: =MIN(5,1+4*F10/MAX($F$9:$F$18)) -> 1.5333333 | H10: 2 | I10: 2 | J10: 3 | K10: 3 | L10: =AVERAGE(H10:K10) -> 2.5 | M10: 4 | N10: 4 | O10: 4 | P10: 4 | Q10: =AVERAGE(M10:P10) -> 4 | R10: =Inputs!$C$5*G10+Inputs!$C$6*L10+Inputs!$C$7*Q10 -> 2.6116667 | S10: =RANK(R10,$R$3:$R$18) -> 14 | T10: =IF(C10="Foundation",0,IF(R10>=Inputs!$C$11,1,IF(R10>=Inputs!$C$12,2,3))) -> 3 | U10: 1 | V10: =IF(T10=U10,"OK","review") -> review
A11: FW1 | B11: Fedwire STP & repair | C11: Fedwire | D11: 600 | E11: 0.35 | F11: =D11*E11 -> 210 | G11: =MIN(5,1+4*F11/MAX($F$9:$F$18)) -> 1.7 | H11: 5 | I11: 4 | J11: 4 | K11: 4 | L11: =AVERAGE(H11:K11) -> 4.25 | M11: 4 | N11: 4 | O11: 4 | P11: 4 | Q11: =AVERAGE(M11:P11) -> 4 | R11: =Inputs!$C$5*G11+Inputs!$C$6*L11+Inputs!$C$7*Q11 -> 3.2825 | S11: =RANK(R11,$R$3:$R$18) -> 9 | T11: =IF(C11="Foundation",0,IF(R11>=Inputs!$C$11,1,IF(R11>=Inputs!$C$12,2,3))) -> 2 | U11: 2 | V11: =IF(T11=U11,"OK","review") -> OK
A12: FW2 | B12: Fedwire intraday liquidity | C12: Fedwire | D12: 600 | E12: 0.25 | F12: =D12*E12 -> 150 | G12: =MIN(5,1+4*F12/MAX($F$9:$F$18)) -> 1.5 | H12: 5 | I12: 3 | J12: 3 | K12: 3 | L12: =AVERAGE(H12:K12) -> 3.5 | M12: 3 | N12: 3 | O12: 3 | P12: 4 | Q12: =AVERAGE(M12:P12) -> 3.25 | R12: =Inputs!$C$5*G12+Inputs!$C$6*L12+Inputs!$C$7*Q12 -> 2.725 | S12: =RANK(R12,$R$3:$R$18) -> 13 | T12: =IF(C12="Foundation",0,IF(R12>=Inputs!$C$11,1,IF(R12>=Inputs!$C$12,2,3))) -> 3 | U12: 2 | V12: =IF(T12=U12,"OK","review") -> review
A13: RTP1 | B13: RTP real-time STP & screening | C13: RTP | D13: 1200 | E13: 0.2 | F13: =D13*E13 -> 240 | G13: =MIN(5,1+4*F13/MAX($F$9:$F$18)) -> 1.8 | H13: 5 | I13: 5 | J13: 4 | K13: 5 | L13: =AVERAGE(H13:K13) -> 4.75 | M13: 3 | N13: 3 | O13: 3 | P13: 3 | Q13: =AVERAGE(M13:P13) -> 3 | R13: =Inputs!$C$5*G13+Inputs!$C$6*L13+Inputs!$C$7*Q13 -> 3.1925 | S13: =RANK(R13,$R$3:$R$18) -> 10 | T13: =IF(C13="Foundation",0,IF(R13>=Inputs!$C$11,1,IF(R13>=Inputs!$C$12,2,3))) -> 3 | U13: 2 | V13: =IF(T13=U13,"OK","review") -> review
A14: RTP2 | B14: RTP prefunding & liquidity | C14: RTP | D14: 1200 | E14: 0.3 | F14: =D14*E14 -> 360 | G14: =MIN(5,1+4*F14/MAX($F$9:$F$18)) -> 2.2 | H14: 5 | I14: 3 | J14: 3 | K14: 3 | L14: =AVERAGE(H14:K14) -> 3.5 | M14: 3 | N14: 3 | O14: 3 | P14: 3 | Q14: =AVERAGE(M14:P14) -> 3 | R14: =Inputs!$C$5*G14+Inputs!$C$6*L14+Inputs!$C$7*Q14 -> 2.895 | S14: =RANK(R14,$R$3:$R$18) -> 12 | T14: =IF(C14="Foundation",0,IF(R14>=Inputs!$C$11,1,IF(R14>=Inputs!$C$12,2,3))) -> 3 | U14: 2 | V14: =IF(T14=U14,"OK","review") -> review
... A18: SC2 | B18: Stablecoin on/off-ramp & recon | C18: Stablecoin | D18: 80 | E18: 0.6 | F18: =D18*E18 -> 48 | G18: =MIN(5,1+4*F18/MAX($F$9:$F$18)) -> 1.16 | H18: 5 | I18: 5 | J18: 5 | K18: 4 | L18: =AVERAGE(H18:K18) -> 4.75 | M18: 2 | N18: 2 | O18: 2 | P18: 1 | Q18: =AVERAGE(M18:P18) -> 1.75 | R18: =Inputs!$C$5*G18+Inputs!$C$6*L18+Inputs!$C$7*Q18 -> 2.5935 | S18: =RANK(R18,$R$3:$R$18) -> 15 | T18: =IF(C18="Foundation",0,IF(R18>=Inputs!$C$11,1,IF(R18>=Inputs!$C$12,2,3))) -> 3 | U18: 3 | V18: =IF(T18=U18,"OK","review") -> OK

Sheet Summary
B2: Calibration Summary
B4: By wave | C4: # initiatives | D4: Avg composite | E4: Manual workload
B5: Wave 0 — foundation | C5: =COUNTIF(Calibration!$T$3:$T$18,0) -> 6 | D5: =IFERROR(AVERAGEIF(Calibration!$T$3:$T$18,0,Calibration!$R$3:$R$18),0) -> 3.9854167 | E5: =SUMIF(Calibration!$T$3:$T$18,0,Calibration!$F$3:$F$18) -> 33600
B6: Wave 1 | C6: =COUNTIF(Calibration!$T$3:$T$18,1) -> 1 | D6: =IFERROR(AVERAGEIF(Calibration!$T$3:$T$18,1,Calibration!$R$3:$R$18),0) -> 4.2125 | E6: =SUMIF(Calibration!$T$3:$T$18,1,Calibration!$F$3:$F$18) -> 1200
B7: Wave 2 | C7: =COUNTIF(Calibration!$T$3:$T$18,2) -> 2 | D7: =IFERROR(AVERAGEIF(Calibration!$T$3:$T$18,2,Calibration!$R$3:$R$18),0) -> 3.29875 | E7: =SUMIF(Calibration!$T$3:$T$18,2,Calibration!$F$3:$F$18) -> 705
B8: Wave 3 | C8: =COUNTIF(Calibration!$T$3:$T$18,3) -> 7 | D8: =IFERROR(AVERAGEIF(Calibration!$T$3:$T$18,3,Calibration!$R$3:$R$18),0) -> 2.7940952 | E8: =SUMIF(Calibration!$T$3:$T$18,3,Calibration!$F$3:$F$18) -> 1411
B9: Total | C9: =SUM(C5:C8) -> 16
B11: By rail | C11: # initiatives | D11: Avg composite
B12: Foundation | C12: =COUNTIF(Calibration!$C$3:$C$18,"Foundation") -> 6 | D12: =IFERROR(AVERAGEIF(Calibration!$C$3:$C$18,"Foundation",Calibration!$R$3:$R$18),0) -> 3.9854167
B13: ACH | C13: =COUNTIF(Calibration!$C$3:$C$18,"ACH") -> 2 | D13: =IFERROR(AVERAGEIF(Calibration!$C$3:$C$18,"ACH",Calibration!$R$3:$R$18),0) -> 3.4120833
B14: Fedwire | C14: =COUNTIF(Calibration!$C$3:$C$18,"Fedwire") -> 2 | D14: =IFERROR(AVERAGEIF(Calibration!$C$3:$C$18,"Fedwire",Calibration!$R$3:$R$18),0) -> 3.00375
B15: RTP | C15: =COUNTIF(Calibration!$C$3:$C$18,"RTP") -> 2 | D15: =IFERROR(AVERAGEIF(Calibration!$C$3:$C$18,"RTP",Calibration!$R$3:$R$18),0) -> 3.04375
B16: SWIFT | C16: =COUNTIF(Calibration!$C$3:$C$18,"SWIFT") -> 2 | D16: =IFERROR(AVERAGEIF(Calibration!$C$3:$C$18,"SWIFT",Calibration!$R$3:$R$18),0) -> 3.13125
B17: Stablecoin | C17: =COUNTIF(Calibration!$C$3:$C$18,"Stablecoin") -> 2 | D17: =IFERROR(AVERAGEIF(Calibration!$C$3:$C$18,"Stablecoin",Calibration!$R$3:$R$18),0) -> 2.5935
B19: Model vs plan — items to review: | D19: =COUNTIF(Calibration!$V$3:$V$18,"review") -> 5
